,ID,Agg,Exp,subj_score,pre_subj_score,obj_score,obj_acc,modsim_acc,countfac_acc,error_acc,times_1,times_2,times_3,times_4,times_5,times_6,times_7,times_8,times_9,times_10,times_11,times_12
0,15,ADD,Graph_expl,5.0,5.5,3,0.5,0.0,1.0,0.5,18.09,3.092,10.315000000000001,5.326499999999999,5.718999999999999,4.109999999999999,6.791,2.804,12.881,13.465,7.275,5.692
2,17,ADD,Graph_expl,4.5,4.5,2,0.3333333333333333,0.0,0.5,0.5,85.7075,19.448,17.9115,28.706,17.503,12.712,55.453,10.565,47.218,11.877,18.289,27.973
3,18,ADD,Graph_expl,5.0,5.5,6,1.0,1.0,1.0,1.0,31.625500000000002,21.094,10.087,11.594,8.107,3.2329999999999997,22.405,29.331,47.021,5.557,22.458,3.903
4,19,ADD,Graph_expl,3.0,3.0,3,0.5,0.0,1.0,0.5,31.4145,18.708,13.0515,20.3655,14.0765,10.418000000000001,22.926,27.901,86.296,5.463,22.225,8.274
6,21,ADD,Graph_expl,6.0,6.5,6,1.0,1.0,1.0,1.0,74.9225,16.1265,12.151,16.2665,8.8695,7.0125,33.903,63.246,48.361,46.547,25.441,17.675
7,22,ADD,Graph_expl,6.0,6.0,3,0.5,0.5,0.0,1.0,45.753,26.153,42.2145,16.9725,259.2105,12.3425,24.596,8.715,33.843,7.011,16.208,23.341
8,23,ADD,Graph_expl,7.0,7.0,6,1.0,1.0,1.0,1.0,64.6865,30.619999999999997,19.309,21.715,15.5965,20.024,58.979,36.553,116.57,85.989,45.091,28.373
9,24,ADD,Graph_expl,4.0,4.5,2,0.3333333333333333,0.0,0.0,1.0,33.208999999999996,30.244,24.921,26.273000000000003,15.6625,8.153500000000001,11.767,29.325,18.854,19.414,30.502,26.035
10,25,ADD,Graph_expl,5.0,5.5,5,0.8333333333333334,1.0,0.5,1.0,46.441500000000005,19.7575,13.9775,28.886,16.389499999999998,15.4785,63.201,41.455,45.694,37.94,23.655,24.297
11,26,ADD,Graph_expl,5.0,5.0,4,0.6666666666666666,1.0,0.0,1.0,84.1015,56.836999999999996,33.909,43.6055,26.32,31.333000000000002,50.171,47.067,123.675,24.337,79.603,36.739
12,27,ADD,Graph_expl,6.5,6.0,5,0.8333333333333334,0.5,1.0,1.0,58.26350000000001,12.351,19.761,11.8085,17.9935,10.3335,24.833,34.67,121.288,87.144,37.727,21.08
13,28,ADD,Graph_expl,4.0,5.5,3,0.5,1.0,0.0,0.5,93.219,45.2665,26.6235,26.0815,16.372,12.962,137.878,47.938,248.799,106.955,17.201,10.986
14,29,ADD,Graph_expl,7.0,6.0,5,0.8333333333333334,0.5,1.0,1.0,114.422,30.0825,48.0115,21.264,16.921,17.658,102.371,46.564,138.459,101.959,52.373,24.864
15,30,ADD,Graph_expl,5.0,5.0,5,0.8333333333333334,1.0,0.5,1.0,103.8415,49.521,35.981,41.6395,55.284,18.4115,81.758,38.592,96.501,55.6,56.485,93.594
16,31,ADD,Graph_expl,6.0,6.5,4,0.6666666666666666,0.0,1.0,1.0,165.8415,61.522000000000006,31.5165,47.2665,25.631,22.173000000000002,35.945,56.219,114.863,99.775,51.473,23.865
17,32,ADD,Graph_expl,7.0,4.0,3,0.5,0.5,0.0,1.0,132.3615,44.8885,41.004000000000005,55.852500000000006,29.926499999999997,37.1235,50.764,32.904,93.859,18.902,33.244,24.907
18,33,ADD,Graph_expl,6.0,6.0,4,0.6666666666666666,1.0,0.0,1.0,103.40100000000001,34.9,96.5735,32.8205,14.9315,11.7665,132.146,71.695,175.05,76.793,76.701,100.069
19,34,ADD,Graph_expl,6.0,6.0,4,0.6666666666666666,1.0,0.5,0.5,130.0225,60.987500000000004,40.3775,63.278499999999994,35.295,41.2065,50.954,55.146,196.756,84.504,51.771,50.5
20,35,ADD,Graph_expl,7.0,7.0,6,1.0,1.0,1.0,1.0,87.399,107.483,59.476499999999994,64.276,64.783,56.6975,181.443,93.669,227.873,212.258,77.777,109.083
21,36,ADD,Graph_expl,5.0,6.0,4,0.6666666666666666,0.5,0.5,1.0,159.5135,91.896,88.3625,72.0045,38.7085,37.976,98.5,61.042,177.677,55.358,40.014,68.866
22,37,ADD,Graph_expl,7.0,7.0,6,1.0,1.0,1.0,1.0,53.667,23.953,29.915499999999998,16.052500000000002,9.301,8.2475,40.549,31.357,104.314,44.8,12.026,16.842
23,38,ADD,Graph_expl,7.0,5.0,5,0.8333333333333334,1.0,0.5,1.0,207.1265,89.054,59.916,82.12,75.262,59.9185,117.038,74.064,97.305,21.599,49.661,97.104
24,39,ADD,Graph_expl,7.0,7.0,3,0.5,0.5,0.5,0.5,204.32850000000002,97.1125,23.703500000000002,32.539,21.8285,20.6355,113.401,65.823,175.984,92.479,50.858,81.158
25,40,ADD,Graph_expl,6.0,6.0,4,0.6666666666666666,0.5,0.5,1.0,180.346,87.946,59.222500000000004,71.9195,49.2865,52.297000000000004,178.997,122.024,378.232,418.863,125.696,129.742
26,41,ADD,Graph_expl,7.0,6.0,6,1.0,1.0,1.0,1.0,113.913,60.7505,63.7465,49.8605,49.218,89.3545,171.763,61.331,900.213,302.186,124.335,122.0
31,46,ADD,Graph_expl,6.0,6.0,6,1.0,1.0,1.0,1.0,400.16150000000005,96.8215,44.287499999999994,59.1815,112.44999999999999,43.109,88.399,76.118,419.176,93.363,56.383,38.565
33,48,ADD,Text_expl,7.0,7.0,5,0.8333333333333334,0.5,1.0,1.0,44.727999999999994,35.199999999999996,15.8025,33.0135,10.219,10.8375,87.659,51.688,145.568,35.948,55.872,28.55
34,49,ADD,Text_expl,6.0,5.5,3,0.5,0.0,0.5,1.0,25.0205,8.712499999999999,16.4265,22.5015,17.839,18.131,9.8,4.599,27.301,24.6,13.886,7.35
35,50,APP,Graph_expl,5.0,5.0,2,0.3333333333333333,0.0,0.0,1.0,26.329500000000003,10.978000000000002,8.6875,13.060500000000001,4.02,3.198,6.038,4.398,34.928,4.064,9.661,2.976
36,51,APP,Text_expl,5.0,5.5,4,0.6666666666666666,1.0,0.0,1.0,37.0445,23.3535,18.8685,26.368499999999997,19.535,20.125500000000002,24.865,23.005,79.453,35.979,43.134,21.094
37,52,ADD,No_expl,6.0,6.0,3,0.5,1.0,0.0,0.5,66.628,44.414500000000004,27.583,45.358000000000004,18.235,20.982,94.297,41.723,124.332,22.493,48.749,29.052
39,54,ADD,No_expl,1.0,4.0,1,0.16666666666666666,0.0,0.5,0.0,36.3655,59.266999999999996,79.094,30.433999999999997,26.4695,30.4105,32.506,32.763,38.05,20.669,15.822,7.129
40,55,ADD,No_expl,4.5,5.5,4,0.6666666666666666,0.0,1.0,1.0,42.3545,26.495,19.4955,20.3435,25.476999999999997,21.0205,16.752,19.583,86.654,25.715,14.359,18.757
41,56,ADD,No_expl,6.0,7.0,4,0.6666666666666666,0.0,1.0,1.0,34.4525,36.0405,11.314,12.9405,6.3635,6.6905,20.709,27.262,112.522,57.876,61.553,26.968
42,57,ADD,Text_expl,6.0,6.0,5,0.8333333333333334,1.0,0.5,1.0,47.325,20.6675,10.9215,23.026,7.3505,7.172,81.014,26.753,127.648,92.721,31.138,17.154
43,58,APP,Graph_expl,5.0,6.0,5,0.8333333333333334,1.0,0.5,1.0,49.2675,20.5325,19.844,26.5455,10.066500000000001,12.5165,21.286,27.353,71.994,11.451,33.47,16.874
44,59,APP,Graph_expl,5.5,7.0,3,0.5,1.0,0.0,0.5,46.423500000000004,12.053,6.484999999999999,12.815,11.592,10.333,16.716,12.539,70.637,19.367,16.831,20.329
45,60,ADD,No_expl,6.0,4.0,5,0.8333333333333334,1.0,0.5,1.0,106.13,36.1845,34.3505,33.5095,20.704,17.0,10.284,13.504,23.57,20.676,12.374,5.823
46,61,ADD,No_expl,7.0,7.0,6,1.0,1.0,1.0,1.0,39.233000000000004,26.837,11.170499999999999,27.848000000000003,11.9275,15.9315,59.379,67.921,123.946,63.695,32.888,21.823
47,62,APP,Text_expl,7.0,6.5,3,0.5,0.5,0.5,0.5,50.4255,22.6685,34.312,39.3355,31.262,29.6595,13.718,17.762,38.889,10.427,17.763,13.915
48,63,APP,Graph_expl,3.5,4.0,3,0.5,0.0,0.5,1.0,169.306,2.822,4.35,12.1065,5.823,3.152,4.213,12.079,23.97,3.946,8.282,3.672
49,64,ADD,No_expl,7.0,7.0,2,0.3333333333333333,0.5,0.0,0.5,58.218500000000006,10.907499999999999,8.911,15.2225,20.924,16.3095,21.267,13.843,39.212,31.458,8.048,2.757
51,66,APP,Graph_expl,5.0,5.0,2,0.3333333333333333,0.0,0.0,1.0,75.6905,25.479,27.804000000000002,36.1125,17.665,20.609,32.003,20.852,42.983,13.728,31.006,21.396
52,67,APP,Graph_expl,6.0,5.0,4,0.6666666666666666,1.0,0.5,0.5,36.506,25.5565,28.145,31.136000000000003,20.424,16.2755,23.541,24.093,68.831,52.579,27.138,14.97
53,68,ADD,Text_expl,5.5,7.0,5,0.8333333333333334,1.0,0.5,1.0,46.980000000000004,48.062,24.227,23.773,33.913,45.2945,47.594,57.426,144.302,56.866,118.097,25.837
54,69,APP,Graph_expl,2.5,3.0,1,0.16666666666666666,0.0,0.0,0.5,36.8845,29.537,27.425,26.0715,15.975999999999999,16.354499999999998,25.237,13.201,38.126,37.609,19.351,12.026
55,70,APP,Text_expl,4.0,4.5,4,0.6666666666666666,0.5,0.5,1.0,51.9035,20.284,16.726499999999998,22.591,12.028500000000001,12.506499999999999,32.421,20.797,121.271,70.661,22.03,22.215
56,71,ADD,Text_expl,7.0,7.0,6,1.0,1.0,1.0,1.0,57.4075,26.993,31.7655,41.2325,21.36,23.844499999999996,52.276,29.667,265.532,82.453,45.146,18.888
57,72,ADD,Text_expl,7.0,7.0,6,1.0,1.0,1.0,1.0,84.92099999999999,33.871,31.8245,19.901,10.575,9.173,39.404,24.58,192.759,123.283,31.858,17.337
58,73,APP,Text_expl,6.0,5.5,6,1.0,1.0,1.0,1.0,73.357,14.0715,26.593500000000002,29.863,27.886999999999997,19.6875,24.547,37.74,75.458,55.246,31.151,179.32
59,74,ADD,No_expl,7.0,5.5,6,1.0,1.0,1.0,1.0,29.2875,21.818,16.809,39.2455,15.7635,10.7225,37.242,30.952,218.677,229.704,34.499,14.354
60,75,APP,Graph_expl,3.0,5.0,3,0.5,1.0,0.0,0.5,54.7215,32.5505,42.453,31.237000000000002,21.5245,37.772,61.521,32.856,98.523,66.168,49.29,29.5
61,76,ADD,Text_expl,1.5,7.0,4,0.6666666666666666,1.0,0.0,1.0,86.44200000000001,56.677499999999995,25.066000000000003,37.356,19.6755,23.589,91.777,72.685,176.413,17.833,28.212,23.824
62,77,ADD,No_expl,7.0,7.0,6,1.0,1.0,1.0,1.0,59.247,21.707,22.381500000000003,33.86,12.298,44.457,145.771,73.073,315.728,72.623,104.882,75.117
63,78,APP,Text_expl,6.0,4.5,4,0.6666666666666666,1.0,0.0,1.0,118.45649999999999,25.153,19.328500000000002,34.53,16.9035,16.3485,57.204,40.703,132.105,11.868,59.002,36.905
64,79,ADD,Text_expl,7.0,7.0,4,0.6666666666666666,0.5,0.5,1.0,83.8885,46.4465,13.4075,48.654500000000006,17.165,9.940999999999999,20.4,30.911,85.023,47.62,34.959,21.407
65,80,APP,Text_expl,6.0,6.0,6,1.0,1.0,1.0,1.0,58.997499999999995,63.278,32.626999999999995,44.905,19.2025,26.611,43.001,30.325,92.752,47.619,36.382,54.384
66,81,APP,Text_expl,6.0,5.5,5,0.8333333333333334,1.0,1.0,0.5,72.0725,89.8475,43.6355,66.3095,49.1165,33.738,37.072,30.147,92.692,24.235,32.513,27.888
67,82,ADD,Text_expl,5.0,6.5,4,0.6666666666666666,1.0,0.0,1.0,80.6765,37.0655,21.49,30.5895,17.451,20.1255,60.719,31.819,105.057,5.247,27.714,14.675
68,83,APP,Text_expl,1.0,2.5,2,0.3333333333333333,0.5,0.0,0.5,33.7425,8.2195,6.1465,12.376,6.041,4.3235,6.56,10.738,26.504,9.674,8.127,5.455
69,84,ADD,Text_expl,4.0,4.5,5,0.8333333333333334,0.5,1.0,1.0,99.835,48.6,72.83850000000001,36.403499999999994,25.927,22.733,25.842,22.815,207.088,22.471,28.662,21.617
70,85,ADD,No_expl,5.0,5.0,1,0.16666666666666666,0.5,0.0,0.0,95.0945,41.7525,34.737,37.467999999999996,14.1105,26.5125,70.058,38.703,63.512,167.92,54.317,36.277
71,86,APP,Graph_expl,2.5,7.0,4,0.6666666666666666,1.0,0.5,0.5,55.167500000000004,78.4025,83.7455,24.2765,27.913,26.858999999999998,64.051,49.401,160.797,62.04,46.683,21.094
72,87,ADD,Text_expl,7.0,6.0,3,0.5,0.5,0.0,1.0,93.8535,38.858,20.365000000000002,30.243499999999997,28.705000000000002,28.430999999999997,154.823,62.679,156.026,19.954,35.727,20.46
73,88,ADD,Text_expl,5.0,6.0,5,0.8333333333333334,1.0,0.5,1.0,86.471,58.915,28.2245,59.9095,38.063500000000005,53.1255,132.808,93.576,122.003,73.054,66.55,30.575
74,89,ADD,Text_expl,6.5,6.0,4,0.6666666666666666,0.5,1.0,0.5,99.66149999999999,84.332,27.293,34.952,27.1425,38.03,64.901,35.773,240.531,11.439,45.575,38.342
75,90,APP,Graph_expl,6.0,6.0,5,0.8333333333333334,1.0,1.0,0.5,94.71600000000001,17.8995,19.481,24.787,16.225,19.892000000000003,54.8,57.915,56.495,103.301,40.643,93.662
76,91,ADD,Text_expl,7.0,7.0,5,0.8333333333333334,0.5,1.0,1.0,41.723,46.339999999999996,45.2285,40.9725,40.024499999999996,47.903999999999996,98.107,67.114,169.483,127.516,68.652,42.62
77,92,ADD,Text_expl,5.0,6.0,4,0.6666666666666666,0.0,1.0,1.0,30.9115,10.8415,9.6835,12.579,7.021,5.4975000000000005,22.513,9.632,88.1,19.138,19.67,12.168
78,93,APP,Graph_expl,3.5,4.0,5,0.8333333333333334,1.0,1.0,0.5,41.109,29.5185,27.4735,24.2975,17.445999999999998,20.873,25.955,22.054,99.481,115.462,55.953,20.876
79,94,ADD,No_expl,5.5,6.5,4,0.6666666666666666,1.0,0.0,1.0,83.522,27.555,46.676500000000004,53.219,40.623,38.262,96.423,74.017,242.688,11.701,96.945,45.296
80,95,ADD,No_expl,5.5,5.5,4,0.6666666666666666,0.5,0.5,1.0,133.245,67.693,25.7025,44.1205,31.904,35.047,94.804,72.623,140.37,143.339,37.16,21.979
81,96,ADD,Text_expl,6.0,6.0,6,1.0,1.0,1.0,1.0,91.37700000000001,41.8835,29.572000000000003,33.551,16.294999999999998,13.355500000000001,79.454,81.1,256.184,116.15,35.501,48.196
82,97,APP,Graph_expl,7.0,7.0,3,0.5,0.5,0.5,0.5,135.541,20.7805,62.894999999999996,51.853,9.5915,11.2205,19.546,21.159,133.803,73.652,101.497,13.381
83,98,ADD,No_expl,7.0,7.0,5,0.8333333333333334,1.0,0.5,1.0,101.084,58.846000000000004,42.9,54.52499999999999,32.1225,34.451,101.977,120.404,169.873,192.35,67.87,65.402
85,100,ADD,Text_expl,6.0,6.0,4,0.6666666666666666,1.0,0.0,1.0,138.26350000000002,66.994,48.994,49.025,33.97,36.11,68.058,63.793,221.966,104.341,51.872,66.095
86,101,ADD,No_expl,3.0,6.0,5,0.8333333333333334,1.0,0.5,1.0,153.56799999999998,52.592999999999996,77.27799999999999,76.3145,63.262,74.0805,131.631,93.101,145.235,23.567,34.254,24.505
87,102,ADD,Graph_expl,6.0,6.5,5,0.8333333333333334,1.0,0.5,1.0,68.482,42.179,32.392,36.951,27.262999999999998,17.8655,66.463,51.448,110.043,35.796,30.248,48.202
88,103,APP,Graph_expl,6.0,7.0,4,0.6666666666666666,1.0,0.5,0.5,70.0565,80.8015,82.041,52.078500000000005,72.799,36.567,46.284,43.54,240.434,78.281,36.207,13.356
89,104,ADD,Text_expl,7.0,7.0,4,0.6666666666666666,1.0,0.0,1.0,69.0205,52.7085,42.161,50.829,35.4255,36.0665,75.635,55.3,370.474,277.442,92.066,38.388
90,105,ADD,No_expl,4.0,3.5,3,0.5,0.5,0.0,1.0,75.477,85.243,58.8115,63.9855,29.647999999999996,41.7345,85.661,51.348,44.686,88.871,34.331,24.172
91,106,APP,Graph_expl,6.5,6.0,5,0.8333333333333334,1.0,1.0,0.5,88.9375,66.46600000000001,62.286500000000004,55.135999999999996,38.280499999999996,19.4805,42.342,58.879,101.408,28.989,83.099,38.497
92,107,ADD,No_expl,5.0,6.0,4,0.6666666666666666,0.5,1.0,0.5,50.942,59.665000000000006,23.8715,47.41,16.011,36.147,69.604,57.871,119.014,146.125,43.436,21.762
93,108,APP,Graph_expl,4.0,3.0,4,0.6666666666666666,1.0,0.0,1.0,118.77700000000002,87.10199999999999,51.4815,82.8715,31.264,46.422,75.758,59.374,96.106,15.932,57.528,68.49
94,109,APP,Graph_expl,4.5,4.5,3,0.5,1.0,0.0,0.5,88.75200000000001,46.356,28.099,35.949,28.424000000000003,22.2545,39.37,23.994,113.978,42.128,37.587,31.9
95,110,APP,Graph_expl,5.0,7.0,4,0.6666666666666666,1.0,0.5,0.5,44.921499999999995,24.749499999999998,39.117,79.6175,16.606,19.1295,43.731,33.037,142.878,226.421,79.401,77.16
96,111,APP,Graph_expl,5.0,5.0,4,0.6666666666666666,1.0,0.0,1.0,56.568,30.723,24.938499999999998,23.511499999999998,17.5235,13.459499999999998,33.939,60.358,113.534,103.474,38.468,31.662
97,112,ADD,No_expl,7.0,7.0,6,1.0,1.0,1.0,1.0,77.7675,71.656,61.6105,72.8235,75.584,56.3255,128.601,223.821,388.532,184.466,85.601,54.707
98,113,APP,Graph_expl,3.0,5.5,3,0.5,1.0,0.0,0.5,116.821,113.22,46.687,42.302,36.3005,44.182,35.901,34.4,144.817,54.6,21.451,23.541
99,114,ADD,No_expl,7.0,7.0,4,0.6666666666666666,1.0,0.0,1.0,108.522,72.4825,80.43950000000001,47.449,29.963500000000003,47.046499999999995,44.537,53.628,167.414,81.487,96.932,38.488
100,115,ADD,Text_expl,7.0,7.0,6,1.0,1.0,1.0,1.0,82.505,43.3385,40.6185,65.3805,29.540499999999998,37.043,119.543,82.781,409.217,129.399,71.307,97.941
101,116,ADD,No_expl,7.0,7.0,6,1.0,1.0,1.0,1.0,47.921499999999995,26.72,11.1625,20.374499999999998,12.631,740.996,42.281,37.142,179.505,30.666,39.401,18.028
102,117,APP,Graph_expl,6.0,5.0,6,1.0,1.0,1.0,1.0,166.648,49.3275,40.4345,48.0005,19.0475,27.9,23.586,30.536,38.731,20.85,33.668,41.238
103,118,ADD,No_expl,7.0,7.0,5,0.8333333333333334,1.0,0.5,1.0,84.6725,43.1875,45.651999999999994,42.419,37.7095,68.4205,133.429,70.546,289.517,157.862,50.85,68.997
104,119,APP,Graph_expl,6.0,6.5,4,0.6666666666666666,1.0,0.0,1.0,144.8375,72.5865,55.459500000000006,33.765,19.859,26.6675,32.614,21.968,57.939,14.907,48.079,42.094
105,120,ADD,Text_expl,7.0,7.0,6,1.0,1.0,1.0,1.0,116.535,50.416000000000004,39.054500000000004,53.471000000000004,56.6695,70.646,87.426,95.493,274.001,173.743,88.122,84.999
106,121,APP,Text_expl,5.5,5.0,6,1.0,1.0,1.0,1.0,103.154,38.683499999999995,91.3145,30.14,10.847999999999999,10.015,36.302,25.195,196.6,85.057,105.093,47.143
107,122,ADD,Graph_expl,6.0,6.0,5,0.8333333333333334,0.5,1.0,1.0,80.854,54.6305,34.138,39.8785,41.8715,29.92,106.024,38.722,180.236,139.721,32.484,44.352
108,123,ADD,Graph_expl,6.5,6.0,5,0.8333333333333334,1.0,0.5,1.0,78.407,48.133,33.698,48.593,33.4635,31.7,52.681,44.898,182.345,55.85,37.903,33.996
109,124,ADD,No_expl,6.5,6.5,2,0.3333333333333333,0.5,0.0,0.5,82.386,61.702,13.345,26.7925,13.0395,16.201,32.1,26.201,130.073,41.608,30.781,17.614
110,125,APP,Graph_expl,6.0,7.0,5,0.8333333333333334,1.0,0.5,1.0,159.31650000000002,25.703000000000003,24.337,41.7795,17.762,39.8095,50.046,37.093,353.575,46.28,80.313,32.215
111,126,ADD,No_expl,6.0,6.0,2,0.3333333333333333,0.5,0.0,0.5,217.7525,31.467,23.2945,41.391,15.360000000000001,29.490000000000002,100.486,37.296,101.729,119.892,42.202,50.942
112,127,ADD,Text_expl,7.0,7.0,4,0.6666666666666666,1.0,0.0,1.0,147.224,102.90950000000001,62.472,86.6945,63.0135,49.516000000000005,202.226,154.705,191.475,43.946,109.666,105.677
113,128,ADD,Text_expl,7.0,7.0,5,0.8333333333333334,1.0,0.5,1.0,89.6405,116.72050000000002,17.3035,91.67150000000001,42.0775,33.9385,33.831,97.325,205.799,326.674,63.268,51.126
114,129,APP,Text_expl,5.5,5.0,4,0.6666666666666666,1.0,0.0,1.0,103.2005,94.0635,61.797,51.171499999999995,34.1775,41.605000000000004,48.907,63.7,124.68,89.205,59.895,32.501
115,130,ADD,No_expl,7.0,7.0,4,0.6666666666666666,1.0,0.0,1.0,94.583,76.5815,34.805,60.262,78.4045,38.9925,187.7,139.311,258.942,28.994,123.706,116.379
116,131,APP,Graph_expl,6.5,6.5,1,0.16666666666666666,0.0,0.0,0.5,134.713,243.33350000000002,26.5475,77.291,89.75099999999999,27.5365,12.877,25.401,139.091,15.75,75.55,33.851
117,132,APP,Text_expl,6.0,7.0,5,0.8333333333333334,1.0,0.5,1.0,86.042,27.771,25.8955,33.212,22.035,24.731,40.999,28.004,218.785,125.68,86.269,49.25
118,133,APP,Graph_expl,6.0,5.0,5,0.8333333333333334,1.0,1.0,0.5,124.128,90.02550000000001,83.1765,72.1845,43.054500000000004,42.6605,104.967,73.646,242.011,327.24,213.285,29.99
119,134,ADD,No_expl,6.0,6.0,2,0.3333333333333333,0.0,0.5,0.5,244.97549999999998,115.634,106.18900000000001,41.648,24.205000000000002,14.2335,79.47,57.192,303.661,134.143,31.407,18.4
120,135,APP,Graph_expl,7.0,7.0,5,0.8333333333333334,1.0,0.5,1.0,158.0385,89.1205,63.8225,78.22149999999999,39.126,29.343000000000004,64.149,35.472,424.332,165.528,129.665,65.316
121,136,ADD,Text_expl,6.5,6.5,5,0.8333333333333334,0.5,1.0,1.0,117.70649999999999,54.8475,40.1525,66.5425,48.8575,30.984,119.972,48.414,232.201,97.599,74.94,63.612
122,137,ADD,Text_expl,5.0,5.0,6,1.0,1.0,1.0,1.0,194.50650000000002,66.392,89.27749999999999,53.902,21.718,29.657999999999998,91.273,150.158,170.964,66.328,86.308,63.717
123,138,ADD,No_expl,6.0,7.0,4,0.6666666666666666,0.5,0.5,1.0,113.09949999999999,50.371,27.862000000000002,41.754000000000005,29.0745,19.597,43.771,49.406,233.991,242.49,54.467,47.094
124,139,APP,Text_expl,7.0,6.0,6,1.0,1.0,1.0,1.0,64.2575,67.8385,56.914,47.432500000000005,27.43,27.6805,36.849,33.164,199.669,118.973,58.97,27.126
125,140,ADD,No_expl,7.0,7.0,5,0.8333333333333334,0.5,1.0,1.0,145.6685,105.12,58.946999999999996,71.1205,51.4265,36.9425,111.804,119.98,203.67,124.014,93.439,65.563
126,141,APP,Graph_expl,5.0,5.0,5,0.8333333333333334,1.0,0.5,1.0,259.3955,108.186,107.6475,97.6155,76.8925,68.0665,162.487,147.774,208.699,176.001,143.848,104.822
127,142,APP,Graph_expl,5.5,6.5,5,0.8333333333333334,1.0,0.5,1.0,278.8795,112.889,95.0075,78.5795,78.905,45.3275,57.954,107.485,48.6,29.305,295.319,40.077
128,143,APP,Graph_expl,7.0,7.0,5,0.8333333333333334,1.0,0.5,1.0,126.1895,129.8115,84.3865,51.152,82.5395,313.1395,137.864,126.667,141.128,12.561,34.148,47.258
129,144,ADD,Text_expl,7.0,7.0,6,1.0,1.0,1.0,1.0,64.9555,50.167500000000004,60.48049999999999,48.28,39.844,64.853,62.806,52.734,123.402,118.272,59.285,21.646
130,145,APP,Graph_expl,2.5,2.5,5,0.8333333333333334,1.0,1.0,0.5,189.339,82.749,109.2935,116.01650000000001,70.40700000000001,68.89949999999999,164.795,127.742,206.58,66.911,161.836,67.233
131,146,ADD,Text_expl,5.0,5.5,3,0.5,1.0,0.0,0.5,46.8885,38.233,40.436,75.69200000000001,59.8975,27.0275,68.878,2111.991,123.229,16.713,12.578,12.876
132,147,APP,Text_expl,5.5,7.0,3,0.5,1.0,0.0,0.5,147.602,169.51749999999998,152.6135,31.4075,59.3705,94.88,79.053,51.742,210.027,105.43,138.132,42.964
133,148,APP,Text_expl,5.0,6.5,2,0.3333333333333333,0.5,0.0,0.5,44.756,46.4655,30.206000000000003,32.277,13.789000000000001,23.386,23.143,25.527,68.601,18.59,33.585,22.214
134,149,APP,Graph_expl,3.5,5.0,2,0.3333333333333333,0.5,0.0,0.5,71.1585,46.942,8.7635,16.413,10.359,4.824,15.0,14.11,34.17,7.126,13.812,10.823
135,150,ADD,No_expl,6.5,6.0,6,1.0,1.0,1.0,1.0,166.7445,92.93299999999999,35.2945,86.18100000000001,53.491,21.915,68.732,157.172,343.72,104.164,64.145,75.37
136,151,ADD,Text_expl,4.0,5.0,6,1.0,1.0,1.0,1.0,50.39,14.0555,12.5085,20.6475,8.282,9.397,20.051,17.575,116.276,82.616,20.371,11.161
137,152,ADD,Text_expl,6.5,7.0,6,1.0,1.0,1.0,1.0,56.336,34.8585,31.5775,38.0685,10.495,12.558,92.9,57.455,107.698,29.544,56.119,18.682
138,153,APP,Text_expl,6.0,6.0,3,0.5,0.5,0.0,1.0,61.28099999999999,20.433,11.543999999999999,21.826999999999998,15.425,12.3415,27.791,26.501,52.301,8.973,13.091,8.368
139,154,APP,Text_expl,4.0,4.5,2,0.3333333333333333,0.5,0.0,0.5,142.7255,20.872999999999998,16.465,18.88,12.1645,11.9955,17.341,12.476,100.414,43.523,20.559,6.92
140,155,ADD,Graph_expl,5.0,5.0,4,0.6666666666666666,0.5,0.5,1.0,119.536,60.209500000000006,32.588499999999996,29.2055,9.786,16.9675,36.097,26.802,160.062,29.3,51.997,20.554
141,156,ADD,No_expl,2.0,6.0,3,0.5,1.0,0.0,0.5,33.3765,17.016,8.909,17.1535,7.9465,11.4545,20.369,15.813,87.947,19.093,19.825,25.028
142,157,ADD,Text_expl,7.0,7.0,5,0.8333333333333334,1.0,0.5,1.0,43.014,21.816000000000003,19.162499999999998,21.3395,15.950999999999999,15.2625,29.1,20.943,57.244,17.997,28.468,46.644
143,158,ADD,No_expl,4.0,5.5,4,0.6666666666666666,1.0,0.0,1.0,51.284000000000006,15.747,7.6945,18.6665,7.21,23.523,13.527,25.31,78.967,34.733,21.688,21.082
144,159,ADD,Text_expl,7.0,7.0,5,0.8333333333333334,1.0,0.5,1.0,73.719,49.341,34.645,29.058999999999997,26.4805,55.1375,92.003,67.874,168.18,92.51,48.46,32.937
145,160,ADD,No_expl,6.0,5.5,6,1.0,1.0,1.0,1.0,95.674,47.3365,32.885,53.6315,19.900000000000002,15.1885,56.477,94.881,133.33,100.464,107.387,115.345
146,162,LMS,Graph_expl,3.0,3.0,0,0.0,0.0,0.0,0.0,24.159,9.6385,11.381,14.7915,7.490500000000001,6.395,9.42,8.418,47.711,23.961,12.72,6.136
147,163,LMS,Text_expl,5.0,5.0,1,0.16666666666666666,0.0,0.5,0.0,50.95,17.7595,11.2515,11.675,6.0504999999999995,9.484,17.894,12.77,22.087,20.951,10.651,5.542
148,164,APP,No_expl,2.0,2.5,3,0.5,0.5,0.5,0.5,59.1215,17.944,18.4655,17.568,21.106,18.677500000000002,23.018,16.402,56.09,8.242,24.384,14.7
149,165,LMS,No_expl,1.0,3.0,2,0.3333333333333333,0.0,0.5,0.5,67.313,28.7965,9.4775,14.733999999999998,9.426,30.063000000000002,14.997,15.733,12.591,4.224,6.46,3.1
150,166,LMS,Graph_expl,5.0,6.0,5,0.8333333333333334,1.0,0.5,1.0,37.35,22.397000000000002,13.8145,17.876,9.453,13.741999999999999,23.038,18.637,99.251,26.089,15.475,9.912
151,167,LMS,Text_expl,5.0,6.0,5,0.8333333333333334,1.0,0.5,1.0,43.6215,10.405000000000001,16.161,15.0665,8.4125,7.5525,16.684,11.891,59.562,7.299,6.017,4.807
153,169,APP,Text_expl,6.0,6.5,5,0.8333333333333334,1.0,0.5,1.0,54.6345,42.4135,14.875,13.66,12.414,7.1965,29.198,15.207,44.122,45.506,64.929,12.418
154,170,APP,No_expl,1.0,1.5,3,0.5,1.0,0.5,0.0,91.166,12.195,17.853,40.152499999999996,5.516,4.702999999999999,20.747,12.534,17.241,5.888,11.767,3.724
155,171,APP,No_expl,5.0,6.5,2,0.3333333333333333,1.0,0.0,0.0,46.085499999999996,13.888000000000002,23.878999999999998,25.3185,13.409,18.514,35.21,20.148,53.178,71.547,24.51,10.281
156,172,LMS,No_expl,3.0,3.0,0,0.0,0.0,0.0,0.0,65.67399999999999,15.8715,21.6895,19.0425,13.288,10.4305,24.334,8.087,61.915,29.387,9.684,6.289
157,173,LMS,Text_expl,7.0,7.0,6,1.0,1.0,1.0,1.0,36.170500000000004,20.213,12.474499999999999,11.4025,9.1195,10.905999999999999,17.69,13.088,96.951,45.866,17.684,12.682
159,175,APP,No_expl,5.0,5.5,5,0.8333333333333334,1.0,0.5,1.0,46.321,36.44,9.891,23.901,6.914,9.961,22.274,12.197,91.233,50.218,23.09,12.914
160,176,APP,No_expl,7.0,7.0,2,0.3333333333333333,0.0,0.0,1.0,52.963499999999996,15.230500000000001,18.527,34.7125,15.2695,13.155999999999999,41.328,42.172,58.7,6.485,32.701,15.493
161,177,LMS,No_expl,6.0,6.0,6,1.0,1.0,1.0,1.0,69.01050000000001,17.378,11.311,16.8685,8.261000000000001,11.431999999999999,31.61,18.342,66.468,31.899,24.865,44.979
162,178,LMS,Graph_expl,7.0,7.0,4,0.6666666666666666,1.0,0.0,1.0,33.278,21.761499999999998,54.868500000000004,19.8395,20.1965,11.8965,17.329,12.122,199.994,15.742,14.158,12.688
163,179,LMS,No_expl,5.5,6.0,6,1.0,1.0,1.0,1.0,42.868,19.6645,10.338,15.5455,14.248,10.753,32.915,22.708,132.751,71.925,24.596,11.147
164,180,LMS,No_expl,6.0,5.5,1,0.16666666666666666,0.0,0.0,0.5,59.137499999999996,17.25,10.216,17.299,8.1655,10.3845,24.598,7.851,49.266,17.746,10.657,4.901
165,181,LMS,Graph_expl,5.5,5.0,6,1.0,1.0,1.0,1.0,49.32899999999999,24.031,26.713,26.02,11.559999999999999,17.3875,32.012,28.31,49.757,41.766,12.399,10.603
166,182,LMS,Graph_expl,5.5,5.0,5,0.8333333333333334,1.0,0.5,1.0,68.325,33.273,19.572499999999998,20.887999999999998,14.939499999999999,12.2105,41.173,39.134,80.052,49.702,32.196,11.595
167,183,LMS,No_expl,5.0,5.0,4,0.6666666666666666,1.0,0.0,1.0,43.103,30.5155,16.6295,16.482499999999998,9.959,7.755000000000001,12.2,18.086,49.065,20.546,17.276,6.194
169,185,APP,Text_expl,6.0,5.5,2,0.3333333333333333,0.5,0.0,0.5,74.6135,29.0355,17.5415,28.994,22.4085,21.555,29.693,38.768,52.369,29.256,46.832,21.789
170,186,APP,No_expl,6.0,6.0,6,1.0,1.0,1.0,1.0,48.469500000000004,33.8395,20.921999999999997,45.4765,28.741,23.0905,63.368,65.56,58.144,32.261,33.277,23.831
171,187,LMS,Text_expl,6.5,6.5,6,1.0,1.0,1.0,1.0,51.9865,22.037,29.502,27.517,17.729,15.1755,24.855,30.101,105.455,91.081,32.464,23.585
172,188,LMS,No_expl,5.0,5.0,4,0.6666666666666666,1.0,0.0,1.0,23.1815,22.409,15.7505,26.810000000000002,52.261,67.248,30.438,17.081,46.254,3.692,6.239,36.904
173,189,LMS,No_expl,6.0,5.5,6,1.0,1.0,1.0,1.0,65.304,21.369500000000002,13.403,20.914,15.5835,12.272,23.69,12.717,98.771,26.666,16.201,21.41
174,190,LMS,Graph_expl,6.0,6.0,4,0.6666666666666666,1.0,0.0,1.0,26.826500000000003,17.813499999999998,27.6355,21.433999999999997,31.7525,15.827,42.521,21.315,80.202,61.265,24.747,10.033
175,191,LMS,Graph_expl,7.0,7.0,6,1.0,1.0,1.0,1.0,82.482,32.4355,18.487000000000002,18.3685,15.121500000000001,13.4085,26.849,31.015,104.386,39.261,13.866,7.679
177,193,LMS,Graph_expl,6.5,6.0,6,1.0,1.0,1.0,1.0,57.605999999999995,30.487000000000002,24.933,29.6675,13.836,14.1995,31.387,24.47,82.722,87.112,41.654,29.87
178,194,LMS,Graph_expl,5.0,5.5,4,0.6666666666666666,0.5,0.5,1.0,64.295,26.9375,40.7285,26.804000000000002,10.604,14.343499999999999,33.027,17.156,90.831,48.941,14.846,6.598
179,195,APP,No_expl,3.0,5.0,2,0.3333333333333333,0.0,0.5,0.5,43.625,26.9515,25.548499999999997,22.106,44.6175,8.4595,18.33,14.897,37.572,11.842,13.385,10.155
180,196,LMS,Text_expl,7.0,7.0,6,1.0,1.0,1.0,1.0,63.4945,52.039,19.269000000000002,21.481,11.362499999999999,9.652000000000001,26.766,20.822,104.512,73.249,22.089,18.118
181,197,LMS,Graph_expl,7.0,7.0,6,1.0,1.0,1.0,1.0,54.411500000000004,35.083,40.877,25.198,23.726,38.532000000000004,23.38,19.285,159.75,87.3,24.54,19.981
182,198,LMS,Graph_expl,7.0,7.0,6,1.0,1.0,1.0,1.0,78.8595,29.3755,28.1025,21.8475,12.387500000000001,8.993500000000001,26.595,16.049,99.126,27.059,19.532,10.869
183,199,LMS,Text_expl,6.0,6.0,6,1.0,1.0,1.0,1.0,83.5735,30.706000000000003,23.7965,21.566499999999998,16.95,15.299499999999998,20.365,14.927,159.328,60.443,19.987,15.804
184,200,LMS,Text_expl,5.0,5.5,3,0.5,0.5,0.0,1.0,42.6665,39.4415,23.764,18.608,19.9975,15.3645,28.201,24.673,147.993,57.941,31.724,17.239
186,202,APP,No_expl,5.0,5.5,3,0.5,0.5,0.0,1.0,60.658500000000004,33.695499999999996,29.119500000000002,15.7,14.9445,20.4965,31.559,14.0,77.003,52.102,30.58,9.651
187,203,APP,No_expl,5.0,5.5,2,0.3333333333333333,0.5,0.0,0.5,97.5575,31.94,60.5975,45.3875,23.966,15.589,54.784,27.632,88.266,8.329,19.737,19.093
188,204,LMS,No_expl,2.0,2.0,5,0.8333333333333334,1.0,0.5,1.0,24.835,19.6645,15.936499999999999,16.1545,54.321,8.078,27.377,15.459,68.989,94.793,25.236,10.497
189,205,LMS,Graph_expl,7.0,4.5,6,1.0,1.0,1.0,1.0,83.287,34.6565,16.082,21.887999999999998,22.054000000000002,24.372999999999998,63.786,19.791,115.891,112.931,18.037,16.14
190,206,LMS,Text_expl,5.5,4.5,4,0.6666666666666666,1.0,0.0,1.0,55.198499999999996,25.808500000000002,20.334500000000002,19.444,11.848,10.023,20.2,22.184,33.976,28.471,24.876,10.562
192,208,LMS,Text_expl,5.0,4.5,2,0.3333333333333333,0.0,0.0,1.0,50.6135,27.7385,13.7565,14.589500000000001,35.9835,12.3535,9.909,3.078,86.682,22.671,37.188,10.295
193,209,LMS,Graph_expl,4.5,5.0,4,0.6666666666666666,1.0,0.0,1.0,93.452,23.185,69.408,31.292,19.561,32.1855,49.201,26.293,69.794,36.962,31.648,19.32
194,210,LMS,No_expl,6.0,6.5,6,1.0,1.0,1.0,1.0,39.239999999999995,20.148500000000002,15.1785,16.255,10.336,10.633,18.291,18.926,87.459,148.841,19.283,15.78
195,211,APP,No_expl,4.0,5.5,2,0.3333333333333333,1.0,0.0,0.0,78.4605,49.85,41.5905,50.6225,24.926000000000002,42.897,63.894,56.634,85.06,2.282,34.5,3.039
196,212,LMS,Graph_expl,5.0,5.0,1,0.16666666666666666,0.0,0.0,0.5,45.545,29.2885,21.793,44.141999999999996,11.2495,7.891,142.094,11.375,100.438,26.677,12.237,11.092
197,213,APP,No_expl,5.5,5.5,4,0.6666666666666666,1.0,0.0,1.0,74.22,17.659,22.94,24.675,17.678,16.3885,28.47,17.808,51.956,9.504,45.701,26.866
198,214,APP,Text_expl,6.5,6.0,5,0.8333333333333334,1.0,0.5,1.0,189.262,37.107,84.4585,33.754000000000005,24.9925,9.64,25.834,16.112,193.579,80.993,39.097,18.012
200,216,LMS,Text_expl,7.0,7.0,5,0.8333333333333334,1.0,0.5,1.0,111.1675,59.363,17.6,26.2485,11.0115,12.451,28.373,17.942,198.884,81.573,21.134,16.925
201,217,LMS,No_expl,5.0,3.0,3,0.5,0.5,0.0,1.0,69.94,28.756,15.105,26.399,17.0835,22.852,26.492,18.779,56.073,19.776,53.297,41.783
202,218,LMS,Graph_expl,7.0,6.0,6,1.0,1.0,1.0,1.0,125.0405,28.188499999999998,23.322,23.887,13.741,15.1315,24.048,19.572,183.763,81.597,22.721,21.135
204,220,LMS,No_expl,5.0,5.0,5,0.8333333333333334,0.5,1.0,1.0,48.2905,21.6465,11.715499999999999,17.7285,18.762999999999998,11.309000000000001,127.17,102.636,160.323,83.096,11.432,5.7
205,221,APP,Text_expl,4.0,5.0,3,0.5,0.5,0.5,0.5,104.944,70.03,48.692499999999995,57.3215,49.669500000000006,52.0725,77.148,140.237,49.736,4.538,11.758,6.564
206,222,LMS,Graph_expl,6.0,4.0,2,0.3333333333333333,0.0,0.0,1.0,87.36,40.342,41.588499999999996,24.291,27.797,21.941,24.693,20.404,101.062,60.725,21.663,8.642
207,223,LMS,Text_expl,6.0,5.0,4,0.6666666666666666,0.5,0.5,1.0,105.7975,39.072,24.4875,34.704,30.1045,21.286499999999997,47.398,22.202,81.755,42.277,30.528,18.111
208,224,LMS,Graph_expl,6.0,5.0,6,1.0,1.0,1.0,1.0,64.2285,43.1905,27.1435,21.439500000000002,27.107999999999997,21.1965,31.108,38.607,180.17,33.603,26.085,11.344
209,225,APP,No_expl,5.0,7.0,4,0.6666666666666666,1.0,0.0,1.0,106.577,108.854,46.8425,29.441,20.443,11.753,37.754,21.448,94.441,50.355,19.692,10.102
210,226,APP,Text_expl,6.0,6.0,5,0.8333333333333334,1.0,0.5,1.0,121.23949999999999,35.9045,45.9995,39.8805,17.447,15.05,45.739,41.368,159.388,74.83,95.478,24.478
211,227,LMS,No_expl,7.0,6.0,6,1.0,1.0,1.0,1.0,124.425,33.0245,38.6555,23.810000000000002,51.658,20.13,140.738,52.25,64.934,43.99,13.499,18.186
212,228,LMS,Graph_expl,5.0,6.0,4,0.6666666666666666,1.0,0.0,1.0,248.1035,55.2665,16.9125,19.7125,12.629999999999999,17.422,17.4,17.191,258.045,6.252,42.137,34.799
213,229,LMS,No_expl,5.5,5.5,2,0.3333333333333333,0.0,0.0,1.0,105.71199999999999,68.32,26.296,34.123999999999995,35.238,18.605,33.853,26.199,75.433,29.438,44.683,16.989
214,230,APP,No_expl,5.0,5.0,5,0.8333333333333334,1.0,0.5,1.0,41.803,21.142500000000002,19.427,22.734,11.9525,18.186,29.942,41.228,66.507,223.343,111.026,31.545
215,231,APP,No_expl,4.0,4.5,2,0.3333333333333333,0.5,0.0,0.5,52.600500000000004,25.915,41.186499999999995,16.069,21.757,14.7365,41.201,18.688,298.799,350.132,99.271,41.955
216,232,APP,Text_expl,5.0,5.0,2,0.3333333333333333,0.5,0.0,0.5,125.5185,40.714999999999996,52.6665,64.0035,48.162,28.746499999999997,70.596,38.469,40.666,4.759,19.028,9.814
217,233,LMS,Graph_expl,5.0,5.0,5,0.8333333333333334,1.0,0.5,1.0,82.7325,65.14750000000001,41.819,45.152,16.982,20.490499999999997,21.598,24.286,106.9,28.963,12.2,4.889
218,234,APP,No_expl,6.0,6.0,3,0.5,0.0,1.0,0.5,102.488,57.2275,62.5925,55.3485,40.549,15.0745,20.888,32.567,100.178,15.84,36.3,17.88
219,235,APP,Text_expl,6.0,5.5,4,0.6666666666666666,0.0,1.0,1.0,108.716,78.1765,46.39,118.5385,43.832,41.322,65.992,7.282,213.479,43.855,35.621,7.269
220,236,LMS,No_expl,7.0,7.0,6,1.0,1.0,1.0,1.0,84.029,31.7075,32.5965,32.7515,11.432,20.027,24.199,20.892,105.84,49.408,21.049,18.026
221,237,APP,No_expl,6.0,5.5,5,0.8333333333333334,1.0,0.5,1.0,125.19399999999999,28.1035,43.7875,27.8835,14.7195,44.0925,26.802,39.679,96.401,128.437,53.045,53.734
222,238,LMS,Text_expl,5.0,5.0,3,0.5,0.5,0.0,1.0,121.7105,23.253999999999998,14.077499999999999,31.238500000000002,24.377000000000002,12.463,38.172,21.161,79.087,26.942,38.818,19.365
223,239,LMS,No_expl,6.5,6.5,5,0.8333333333333334,0.5,1.0,1.0,53.2175,31.954,23.0655,36.1015,39.45099999999999,17.5805,29.639,37.37,94.302,83.867,44.892,15.794
224,240,LMS,No_expl,4.5,5.0,4,0.6666666666666666,0.5,0.5,1.0,71.454,47.4765,29.7395,63.984,67.1395,14.669999999999998,107.665,44.398,103.401,59.417,37.087,117.853
225,241,LMS,Graph_expl,6.0,6.0,6,1.0,1.0,1.0,1.0,149.2005,46.106500000000004,24.6485,28.899500000000003,17.632,17.3835,34.601,22.77,116.148,134.611,37.401,12.258
226,242,LMS,No_expl,5.5,5.5,6,1.0,1.0,1.0,1.0,91.76599999999999,51.879,31.631500000000003,46.496,21.4955,23.3955,54.999,50.241,106.984,102.9,35.268,26.122
227,243,APP,No_expl,3.0,5.5,5,0.8333333333333334,1.0,0.5,1.0,97.221,56.2655,45.1475,45.685,34.8895,32.0755,49.694,33.095,213.951,123.461,22.567,26.64
228,244,LMS,No_expl,7.0,7.0,6,1.0,1.0,1.0,1.0,85.021,57.32000000000001,34.784000000000006,26.841,22.3065,19.675500000000003,57.638,22.754,181.54,87.878,28.853,6.566
230,246,LMS,Text_expl,7.0,7.0,5,0.8333333333333334,1.0,0.5,1.0,44.4775,17.392500000000002,15.239,32.519999999999996,9.1205,309.068,19.775,24.348,48.75,21.113,18.343,9.151
231,247,APP,No_expl,2.0,3.5,5,0.8333333333333334,1.0,1.0,0.5,70.67150000000001,64.27799999999999,75.0745,40.421,50.501999999999995,57.5935,20.305,13.823,203.371,101.014,27.153,39.651
232,248,LMS,Text_expl,5.0,7.0,5,0.8333333333333334,1.0,0.5,1.0,171.03549999999998,24.9595,16.948,25.0485,12.7015,28.4435,33.465,18.502,183.223,120.205,19.301,16.881
233,249,LMS,No_expl,5.0,5.5,5,0.8333333333333334,1.0,0.5,1.0,94.59049999999999,20.0555,21.3535,27.011000000000003,26.3,37.049499999999995,36.872,25.267,146.06,39.156,34.276,9.468
234,250,LMS,Text_expl,5.5,6.5,1,0.16666666666666666,0.0,0.0,0.5,107.32849999999999,26.587,20.988,37.878,23.029,15.637,40.694,18.595,30.803,293.118,28.199,46.975
235,251,LMS,Graph_expl,7.0,7.0,4,0.6666666666666666,1.0,0.0,1.0,93.78899999999999,52.757999999999996,97.85849999999999,32.295,22.3585,42.471999999999994,254.208,52.959,99.96,36.064,20.57,26.788
236,252,APP,No_expl,7.0,6.5,5,0.8333333333333334,1.0,0.5,1.0,93.8125,48.7335,39.0015,57.346000000000004,60.5065,75.522,27.74,28.852,99.401,105.579,119.578,42.502
237,253,LMS,Text_expl,6.0,5.5,6,1.0,1.0,1.0,1.0,119.1865,71.5845,60.1265,53.838,41.1025,15.286000000000001,46.401,41.802,160.159,63.066,39.039,65.401
238,254,LMS,Graph_expl,6.0,4.0,5,0.8333333333333334,0.5,1.0,1.0,59.282,14.2775,10.329,42.6025,8.6875,7.093500000000001,20.638,29.595,96.95,27.673,17.556,11.201
239,255,APP,Text_expl,5.0,5.0,6,1.0,1.0,1.0,1.0,182.3385,27.0385,229.79600000000002,21.9845,29.8345,139.6075,27.374,23.121,111.826,31.261,48.456,16.318
240,256,LMS,Graph_expl,5.5,4.5,6,1.0,1.0,1.0,1.0,45.759,41.223,78.9255,35.9225,300.97249999999997,143.7825,23.394,12.194,70.354,53.809,8.564,5.905
241,257,LMS,Text_expl,7.0,7.0,6,1.0,1.0,1.0,1.0,89.6985,16.4475,13.502500000000001,10.6955,7.4895000000000005,10.0955,14.406,17.129,91.656,41.662,19.603,13.752
242,258,LMS,No_expl,6.5,6.0,2,0.3333333333333333,0.0,0.0,1.0,89.905,48.254,53.3965,54.766999999999996,55.3155,75.64,63.794,47.645,200.65,87.737,38.702,42.356
243,259,APP,No_expl,5.0,5.0,4,0.6666666666666666,1.0,0.0,1.0,110.18650000000001,106.7285,31.384500000000003,22.124000000000002,19.5445,8.1705,23.798,17.678,20.898,14.133,34.367,15.065
244,260,LMS,No_expl,5.0,5.0,4,0.6666666666666666,1.0,0.0,1.0,86.6395,51.1075,38.25,36.4535,18.331,19.852,32.956,22.29,222.9,76.68,160.503,65.74
245,261,LMS,Graph_expl,2.0,3.0,2,0.3333333333333333,0.0,0.5,0.5,151.9025,49.4385,44.278499999999994,37.4305,35.9785,74.3135,43.932,37.335,216.441,86.539,26.557,20.605
246,262,APP,No_expl,6.0,5.5,3,0.5,0.5,0.5,0.5,129.8065,41.293000000000006,95.35499999999999,35.7385,63.6275,144.099,134.3,26.575,67.952,63.555,22.479,65.225
247,263,APP,No_expl,4.0,4.5,1,0.16666666666666666,0.0,0.0,0.5,141.0265,113.398,68.3615,68.8895,35.6395,24.2035,62.299,33.781,167.267,12.568,25.299,8.348
248,264,APP,Text_expl,5.5,5.5,6,1.0,1.0,1.0,1.0,68.967,63.1825,23.679000000000002,46.6845,32.245999999999995,47.989,35.04,29.447,258.423,73.708,66.345,34.631
249,265,LMS,Text_expl,5.0,5.0,6,1.0,1.0,1.0,1.0,75.6565,53.26649999999999,23.5825,93.7845,39.1515,40.4235,64.43,29.976,231.3,149.274,55.822,28.884
250,266,APP,Text_expl,7.0,6.5,5,0.8333333333333334,1.0,0.5,1.0,160.906,60.277,78.2155,61.471000000000004,76.4545,62.4105,81.217,68.392,108.499,159.335,88.316,59.22
251,267,LMS,No_expl,5.0,5.0,6,1.0,1.0,1.0,1.0,152.102,53.4505,30.701999999999998,30.5255,30.490000000000002,39.6255,36.864,18.596,138.649,152.987,28.366,15.188
252,268,LMS,No_expl,6.0,5.0,3,0.5,0.0,0.5,1.0,116.12950000000001,43.172,39.406,51.8875,61.774,23.9675,29.401,39.486,226.734,148.988,45.305,24.103
253,269,LMS,Text_expl,5.5,5.5,4,0.6666666666666666,0.5,0.5,1.0,119.9695,80.986,66.36500000000001,72.4375,61.123000000000005,59.364000000000004,29.676,37.436,248.716,156.771,39.662,17.766
254,270,LMS,No_expl,6.0,5.0,5,0.8333333333333334,0.5,1.0,1.0,110.4025,29.2305,15.815,18.124000000000002,13.5295,6.907,444.245,16.192,42.291,32.23,16.001,16.124
255,271,LMS,Text_expl,4.0,4.5,4,0.6666666666666666,1.0,0.0,1.0,90.4615,61.0655,40.3255,44.557,59.485,31.2865,63.862,54.445,419.702,79.524,49.039,59.423
256,272,LMS,Text_expl,5.5,6.0,4,0.6666666666666666,1.0,0.0,1.0,78.495,36.0485,61.2725,60.403000000000006,43.0995,16.688,17.832,15.21,171.306,138.281,22.696,8.619
257,273,LMS,Text_expl,5.0,2.5,3,0.5,0.5,0.0,1.0,93.108,24.599,20.334,21.0865,26.93,6.266500000000001,22.156,25.766,112.726,73.433,25.755,9.321
258,274,APP,Text_expl,6.0,7.0,6,1.0,1.0,1.0,1.0,74.889,23.78,26.153000000000002,45.272,108.2475,25.518,55.001,53.191,161.451,179.5,196.067,61.501
259,275,LMS,Graph_expl,4.0,4.0,1,0.16666666666666666,0.0,0.0,0.5,320.49649999999997,33.434,11.915500000000002,57.5375,9.753,18.651,23.011,24.804,388.391,12.556,7.392,19.734
260,276,LMS,Text_expl,6.0,6.0,6,1.0,1.0,1.0,1.0,97.837,71.289,90.4315,55.9565,31.244500000000002,38.6505,53.541,23.487,236.891,87.308,37.458,14.426
261,277,LMS,No_expl,2.0,3.0,3,0.5,0.5,0.0,1.0,210.76549999999997,116.1635,61.801,70.4185,68.861,39.3455,32.579,35.548,295.114,40.338,30.413,15.625
262,278,LMS,Text_expl,6.0,6.0,6,1.0,1.0,1.0,1.0,124.534,54.531,52.5025,39.1025,36.201,39.015,59.368,62.498,303.315,100.383,39.759,38.2
263,279,APP,Text_expl,5.0,5.0,4,0.6666666666666666,1.0,0.0,1.0,41.8005,27.902,39.3895,34.046,41.15,26.1625,75.935,67.777,45.588,53.954,18.067,35.8
264,280,APP,No_expl,6.0,6.0,4,0.6666666666666666,1.0,0.0,1.0,101.3075,77.7265,67.1725,38.682500000000005,47.324,62.78,44.654,53.435,490.16,254.693,80.027,56.167
265,281,LMS,Text_expl,7.0,7.0,6,1.0,1.0,1.0,1.0,182.8225,61.021499999999996,41.210499999999996,36.6495,36.897999999999996,25.607,89.645,30.502,250.355,75.188,42.899,23.531
266,282,APP,Text_expl,4.5,4.5,3,0.5,1.0,0.0,0.5,143.213,45.963,43.2945,75.936,64.5645,53.139,63.498,37.947,101.742,50.893,38.233,32.652
267,283,APP,No_expl,7.0,7.0,4,0.6666666666666666,1.0,0.5,0.5,108.57900000000001,38.368,27.598499999999998,41.1375,22.216,25.823999999999998,30.838,34.091,287.574,113.117,70.634,21.571
268,284,APP,No_expl,6.0,5.0,4,0.6666666666666666,1.0,0.0,1.0,148.618,38.828,28.2015,34.6355,34.7895,53.2965,37.385,20.037,88.752,119.845,68.308,27.906
269,285,LMS,Graph_expl,4.0,4.0,2,0.3333333333333333,0.5,0.0,0.5,112.2745,80.2225,171.2185,49.256,17.880499999999998,49.275000000000006,60.935,72.687,381.566,176.136,36.329,38.848
270,286,LMS,Text_expl,6.5,6.5,5,0.8333333333333334,1.0,0.5,1.0,144.202,54.809,27.250999999999998,57.0965,45.06399999999999,39.897,58.623,27.128,419.803,255.553,52.166,46.963
271,287,LMS,Graph_expl,6.5,5.5,6,1.0,1.0,1.0,1.0,98.73049999999999,66.1795,265.574,43.7315,32.8665,15.58,44.991,27.551,121.159,425.856,112.681,14.862
272,288,LMS,Text_expl,5.0,5.0,6,1.0,1.0,1.0,1.0,101.285,36.5865,28.9695,68.7,47.245,27.833,212.114,109.01,411.437,192.864,104.097,78.731
273,289,LMS,No_expl,5.0,6.0,6,1.0,1.0,1.0,1.0,20.6665,21.118,17.9345,13.018,10.966000000000001,7.948,26.547,16.461,75.919,34.89,9.293,6.389
274,290,APP,Text_expl,6.0,5.0,3,0.5,1.0,0.0,0.5,235.563,47.112500000000004,58.807,48.985,51.765499999999996,42.2335,129.118,83.478,386.943,291.668,90.892,36.801
275,291,APP,No_expl,7.0,6.5,6,1.0,1.0,1.0,1.0,274.5595,11.1765,102.4855,9.807500000000001,6.715999999999999,8.8305,140.175,9.132,58.376,22.944,12.029,55.083
276,292,APP,No_expl,6.0,6.0,6,1.0,1.0,1.0,1.0,135.57150000000001,77.8805,75.04100000000001,104.506,54.2245,57.125,95.902,97.974,781.382,263.313,102.277,90.663
277,293,LMS,Text_expl,2.0,4.0,2,0.3333333333333333,0.0,0.0,1.0,62.191,35.948,29.902,1266.321,23.4485,53.036,22.483,21.278,77.312,19.071,73.978,7.548
278,294,LMS,Text_expl,7.0,7.0,6,1.0,1.0,1.0,1.0,5.7495,9.123999999999999,6.0175,22.6435,9.0425,6.543500000000001,20.633,10.269,17.032,25.539,4.366,2.625
279,295,LMS,Text_expl,6.0,6.0,6,1.0,1.0,1.0,1.0,57.864999999999995,22.4025,20.9055,26.397,11.211500000000001,20.7105,20.417,22.141,148.03,76.75,22.218,24.812
280,296,LMS,No_expl,6.5,5.5,6,1.0,1.0,1.0,1.0,11.401,113.42500000000001,11.1485,8.940999999999999,17.447,7.5235,13.098,9.2,98.122,79.291,4.924,3.281
281,297,LMS,Graph_expl,5.0,5.5,4,0.6666666666666666,0.0,1.0,1.0,262.6805,184.55450000000002,123.1175,204.14499999999998,175.914,56.5255,141.109,65.054,450.552,395.126,77.569,18.614
282,298,LMS,Graph_expl,7.0,7.0,6,1.0,1.0,1.0,1.0,122.12,41.173,29.366500000000002,31.527500000000003,28.299500000000002,34.6115,48.3,28.993,268.567,112.473,38.659,27.246
283,299,LMS,Graph_expl,6.0,6.0,5,0.8333333333333334,1.0,0.5,1.0,121.5295,36.5225,20.534,19.904,20.634,9.494,24.7,17.522,190.629,104.146,21.783,10.81
284,300,LMS,No_expl,6.0,4.0,6,1.0,1.0,1.0,1.0,209.217,87.6255,65.782,100.577,223.724,81.9765,179.9,48.369,350.85,74.755,24.868,14.447
285,301,APP,Text_expl,5.0,5.5,3,0.5,1.0,0.0,0.5,336.9205,139.86,106.7415,17.936500000000002,10.061,18.4135,64.759,76.296,31.29,22.497,53.399,115.491
286,302,LMS,No_expl,6.0,6.0,6,1.0,1.0,1.0,1.0,145.657,46.653,46.6125,56.7525,33.292,18.4075,49.881,40.099,140.608,119.833,27.975,28.737
287,303,APP,No_expl,6.5,6.5,6,1.0,1.0,1.0,1.0,176.8145,164.214,56.175999999999995,35.7545,46.202000000000005,76.72999999999999,115.4,114.235,444.265,150.074,85.989,54.512
288,304,APP,No_expl,4.5,4.5,4,0.6666666666666666,1.0,1.0,0.0,225.79649999999998,129.2845,152.014,73.952,124.98499999999999,46.9735,84.545,88.201,197.879,33.154,116.063,11.237
289,305,APP,No_expl,5.0,6.0,6,1.0,1.0,1.0,1.0,77.7395,66.8825,39.535500000000006,43.394,37.191,33.5765,46.095,40.605,309.5,117.847,74.65,43.946
