question_id;response_label;response_id
modsim_ADD7;Rest 2;3
modsim_ADD8;Rest 1;1
countfac_ADD9;Change Rest 6 for Tony to 4 and Rest 4 for Alex to 2.;2
countfac_ADD10;Change Rest 9 for Jackie to 2 and Rest 2 for Jess to 4.;3
error_ADD11;Right;1
error_ADD12;Wrong;2
modsim_LMS7;Rest 1;1
modsim_LMS8;Rest 4;3
countfac_LMS9;Change Rest 7 for Robin to 3 and Rest 6 for Darcy to 4.;4
countfac_LMS10;Change Rest 6 for Gale to 3 and Rest 1 for Alex to 5.;2
error_LMS11;Right;1
error_LMS12;Wrong;2
modsim_APP7;Rest 5;3
modsim_APP8;Rest 7;6
countfac_APP9;Change Rest 4 for Eddie to 5 and Rest 5 for Gale to 2.;2
countfac_APP10;Change Rest 7 for Kris to 5 and Rest 1 for Billy to 3.;4
error_APP11;Right;1
error_APP12;Wrong;2
AttCheck1_ADD;Rest 4 ;4
AttCheck2_ADD;Change Rest 1 for Tony to 1.;2
AttCheck1_LMS;Rest 4;4
AttCheck2_LMS;Change Rest 1 for Tony to 1.;2
AttCheck1_APP;Rest 4;4
AttCheck2_APP;Change Rest 1 for Tony to 1.;2